<?xml version="1.0" encoding="UTF-8"?>
<project-private xmlns="http://www.netbeans.org/ns/project-private/1">
    <editor-bookmarks xmlns="http://www.netbeans.org/ns/editor-bookmarks/2" lastBookmarkId="0"/>
    <open-files xmlns="http://www.netbeans.org/ns/projectui-open-files/2">
        <group>
            <file>file:/C:/Users/mkanz/OneDrive/Documents/NetBeansProjects/pijava/src/edu/esprit/entities/Sponsor.java</file>
            <file>file:/C:/Users/mkanz/OneDrive/Documents/NetBeansProjects/pijava/src/edu/esprit/gui/AjouterevenementController.java</file>
            <file>file:/C:/Users/mkanz/OneDrive/Documents/NetBeansProjects/pijava/src/edu/esprit/api/SMS.java</file>
            <file>file:/C:/Users/mkanz/OneDrive/Documents/NetBeansProjects/pijava/src/edu/esprit/gui/TableviewEvents.fxml</file>
            <file>file:/C:/Users/mkanz/OneDrive/Documents/NetBeansProjects/pijava/src/edu/esprit/utils/MyConnection.java</file>
            <file>file:/C:/Users/mkanz/OneDrive/Documents/NetBeansProjects/pijava/src/edu/esprit/gui/MessageBox.fxml</file>
            <file>file:/C:/Users/mkanz/OneDrive/Documents/NetBeansProjects/pijava/src/edu/esprit/services/EvenementCrud.java</file>
            <file>file:/C:/Users/mkanz/OneDrive/Documents/NetBeansProjects/pijava/src/edu/esprit/gui/ConfirmationDialogController.java</file>
            <file>file:/C:/Users/mkanz/OneDrive/Documents/NetBeansProjects/pijava/src/edu/esprit/tests/MainClass.java</file>
            <file>file:/C:/Users/mkanz/OneDrive/Documents/NetBeansProjects/pijava/src/edu/esprit/gui/FIRSTWINDOW.java</file>
            <file>file:/C:/Users/mkanz/OneDrive/Documents/NetBeansProjects/pijava/src/edu/esprit/gui/TableviewEventsController.java</file>
            <file>file:/C:/Users/mkanz/OneDrive/Documents/NetBeansProjects/pijava/src/edu/esprit/services/SponsorCrud.java</file>
            <file>file:/C:/Users/mkanz/OneDrive/Documents/NetBeansProjects/pijava/src/edu/esprit/gui/MessageBoxController.java</file>
            <file>file:/C:/Users/mkanz/OneDrive/Documents/NetBeansProjects/pijava/src/edu/esprit/entities/Evenement.java</file>
            <file>file:/C:/Users/mkanz/OneDrive/Documents/NetBeansProjects/pijava/src/edu/esprit/gui/ConfirmationDialog.fxml</file>
        </group>
    </open-files>
</project-private>
